{
    "summary": "Find unique zero-sum triplets",
    "question": "Given an integer array nums, find all unique triplets [nums[i], nums[j], nums[k]] such that i != j, i != k, j != k, and nums[i] + nums[j] + nums[k] == 0.",
    "example": "Input: nums = [-1,0,1,2,-1,-4]. Output: [[-1,-1,2],[-1,0,1]]. Input: nums = []. Output: []. Input: nums = [0]. Output: [].",
    "constraint": "0 <= nums.length <= 3000. -10^5 <= nums[i] <= 10^5. Solution set must not contain duplicate triplets.",
    "followup": "",
    "title": "3Sum",
    "leetcode_url": "https://leetcode.com/problems/3Sum/",
    "difficulty": "Medium"
}