{
    "summary": "Find average values per tree level",
    "question": "Given the root of a binary tree, return an array of the average value of nodes at each level. Answers within 10^-5 of the actual average are acceptable.",
    "example": "Input: root = [3,9,20,null,15,7] Output: [3.00000,14.50000,11.00000] Explanation: Level 0 average is 3, level 1 average is 14.5, and level 2 average is 11.",
    "constraint": "The number of nodes in the tree is in the range [1, 10^4]. Node values are between -2^31 and 2^31 - 1.",
    "followup": "",
    "title": "Average Of Levels In Binary Tree",
    "leetcode_url": "https://leetcode.com/problems/Average-of-Levels-in-Binary-Tree/",
    "difficulty": "Easy"
}