{
    "summary": "Max profit with two transactions",
    "question": "Find the maximum profit possible from an array of stock prices, allowing at most two transactions, and ensuring one transaction completes before starting another.",
    "example": "Input: prices = [3,3,5,0,0,3,1,4]; Output: 6. Explanation: Buy on day 4 (price=0), sell on day 6 (price=3), profit=3-0=3. Then buy on day 7 (price=1) and sell on day 8 (price=4), profit=4-1=3.",
    "constraint": "1 <= prices.length <= 10^5; 0 <= prices[i] <= 10^5",
    "followup": "",
    "title": "Best Time To Buy And Sell Stock Iii",
    "leetcode_url": "https://leetcode.com/problems/Best-Time-to-Buy-and-Sell-Stock-III/",
    "difficulty": "Hard"
}