{
    "summary": "Find max profit with k transactions",
    "question": "Given an array of stock prices and an integer k, calculate the maximum profit achievable with at most k transactions, adhering to the restriction of selling before buying again.",
    "example": "Input: k = 2, prices = [2,4,1]; Output: 2. Explanation: Buy on day 1 (price = 2) and sell on day 2 (price = 4), profit = 4-2 = 2. Input: k = 2, prices = [3,2,6,5,0,3]; Output: 7. Explanation: Buy on day 2 (price = 2) and sell on day 3 (price = 6), profit = 6-2 = 4. Then buy on day 5 (price = 0) and sell on day 6 (price = 3), profit = 3-0 = 3.",
    "constraint": "0 <= k <= 100; 0 <= prices.length <= 1000; 0 <= prices[i] <= 1000",
    "followup": "",
    "title": "Best Time To Buy And Sell Stock Iv",
    "leetcode_url": "https://leetcode.com/problems/Best-Time-to-Buy-and-Sell-Stock-IV/",
    "difficulty": "Hard"
}