{
    "summary": "Right side view of tree",
    "question": "Given the root of a binary tree, return the values of the nodes visible from the right side, ordered from top to bottom.",
    "example": "Input: root = [1,2,3,null,5,null,4] Output: [1,3,4]. Input: root = [1,null,3] Output: [1,3]. Input: root = [] Output: []",
    "constraint": "The number of nodes in the tree is in the range [0, 100]. Node values are between -100 and 100.",
    "followup": "",
    "title": "Binary Tree Right Side View",
    "leetcode_url": "https://leetcode.com/problems/Binary-Tree-Right-Side-View/",
    "difficulty": "Medium"
}