{
    "summary": "Zigzag traversal of binary tree",
    "question": "Given the root of a binary tree, return the zigzag level order traversal of its nodes' values, alternating directions at each level.",
    "example": "Input: root = [3,9,20,null,null,15,7] Output: [[3],[20,9],[15,7]]; Input: root = [1] Output: [[1]]; Input: root = [] Output: []",
    "constraint": "The number of nodes in the tree is in the range [0, 2000]. Node values are in range [-100, 100].",
    "followup": "",
    "title": "Binary Tree Zigzag Level Order Traversal",
    "leetcode_url": "https://leetcode.com/problems/Binary-Tree-Zigzag-Level-Order-Traversal/",
    "difficulty": "Medium"
}