{
    "summary": "Bitwise AND for integer range",
    "question": "Compute the bitwise AND of all integers in the range [left, right] inclusive.",
    "example": "Example 1: Input: left = 5, right = 7 Output: 4; Example 2: Input: left = 0, right = 0 Output: 0; Example 3: Input: left = 1, right = 2147483647 Output: 0",
    "constraint": "0 <= left <= right <= 2^31 - 1",
    "followup": "",
    "title": "Bitwise And Of Numbers Range",
    "leetcode_url": "https://leetcode.com/problems/Bitwise-AND-of-Numbers-Range/",
    "difficulty": "Medium"
}