{
    "summary": "Deep copy of a graph",
    "question": "Create a deep copy of a connected undirected graph represented as an adjacency list, given a reference to the first node.",
    "example": "Input: adjList = [[2,4],[1,3],[2,4],[1,3]]\nOutput: [[2,4],[1,3],[2,4],[1,3]]\nInput: adjList = [[]]\nOutput: [[]]\nInput: adjList = []\nOutput: []\nInput: adjList = [[2],[1]]\nOutput: [[2],[1]]",
    "constraint": "Number of nodes in the graph is between 0 and 100. Node.val is unique and between 1 and 100. No repeated edges or self-loops. Graph is connected and all nodes are accessible from the starting node.",
    "followup": "",
    "title": "Clone Graph",
    "leetcode_url": "https://leetcode.com/problems/Clone-Graph/",
    "difficulty": "Medium"
}