{
    "summary": "Generate combinations from range",
    "question": "Given two integers n and k, return all possible combinations of k numbers out of the range [1, n] in any order.",
    "example": "Input: n = 4, k = 2\nOutput: [[2,4], [3,4], [2,3], [1,2], [1,3], [1,4]]\nInput: n = 1, k = 1\nOutput: [[1]]",
    "constraint": "1 <= n <= 20\n1 <= k <= n",
    "followup": "",
    "title": "Combinations",
    "leetcode_url": "https://leetcode.com/problems/Combinations/",
    "difficulty": "Medium"
}