{
    "summary": "Find container with max water",
    "question": "Given an array of non-negative integers representing vertical lines at coordinates, find two lines that, along with the x-axis, form a container holding the maximum amount of water.",
    "example": "Input: height = [1,8,6,2,5,4,8,3,7], Output: 49. Input: height = [1,1], Output: 1. Input: height = [4,3,2,1,4], Output: 16. Input: height = [1,2,1], Output: 2.",
    "constraint": "n == height.length, 2 <= n <= 105, 0 <= height[i] <= 104",
    "followup": "",
    "title": "Container With Most Water",
    "leetcode_url": "https://leetcode.com/problems/Container-With-Most-Water/",
    "difficulty": null
}