{
    "summary": "Convert sorted array to BST",
    "question": "Convert a sorted integer array into a height-balanced binary search tree where the depth of subtrees of every node differ by at most one.",
    "example": "Input: nums = [-10,-3,0,5,9] Output: [0,-3,9,-10,null,5]; Input: nums = [1,3] Output: [3,1]",
    "constraint": "1 <= nums.length <= 10^4, -10^4 <= nums[i] <= 10^4, nums is sorted in strictly increasing order.",
    "followup": "",
    "title": "Convert Sorted Array To Binary Search Tree",
    "leetcode_url": "https://leetcode.com/problems/Convert-Sorted-Array-to-Binary-Search-Tree/",
    "difficulty": "Easy"
}