{
    "summary": "Min operations to convert strings",
    "question": "Find the minimum number of operations (insert, delete, or replace) required to transform word1 into word2.",
    "example": "Input: word1 = 'horse', word2 = 'ros' Output: 3 Explanation: horse -> rorse -> rose -> ros. Input: word1 = 'intention', word2 = 'execution' Output: 5 Explanation: intention -> inention -> enention -> exention -> exection -> execution.",
    "constraint": "0 <= word1.length, word2.length <= 500. word1 and word2 consist of lowercase English letters.",
    "followup": "",
    "title": "Edit Distance",
    "leetcode_url": "https://leetcode.com/problems/Edit-Distance/",
    "difficulty": "Hard"
}