{
    "summary": "Evaluate arithmetic in RPN",
    "question": "Given an array of tokens representing a valid Reverse Polish Notation (RPN) expression, evaluate its value. Valid operators are '+', '-', '*', and '/', where division follows truncation toward zero.",
    "example": "Input: tokens = [\"2\",\"1\",\"+\",\"3\",\"*\"] Output: 9 Explanation: ((2 + 1) * 3) = 9. Input: tokens = [\"4\",\"13\",\"5\",\"/\",\"+\"] Output: 6 Explanation: (4 + (13 / 5)) = 6.",
    "constraint": "1 <= tokens.length <= 10^4. tokens[i] is either an operator ('+', '-', '*', '/') or an integer in the range [-200, 200]. Division by zero is not possible.",
    "followup": "",
    "title": "Evaluate Reverse Polish Notation",
    "leetcode_url": "https://leetcode.com/problems/Evaluate-Reverse-Polish-Notation/",
    "difficulty": "Medium"
}