{
    "summary": "Find range of target value",
    "question": "Given a sorted array of integers, find the starting and ending positions of a target value. Return [-1, -1] if the target is not present. Ensure the solution runs in O(log n) time complexity.",
    "example": "Input: nums = [5,7,7,8,8,10], target = 8; Output: [3,4]. Input: nums = [5,7,7,8,8,10], target = 6; Output: [-1,-1]. Input: nums = [], target = 0; Output: [-1,-1].",
    "constraint": "0 <= nums.length <= 105. -109 <= nums[i] <= 109. Array is sorted in non-decreasing order. -109 <= target <= 109.",
    "followup": "",
    "title": "Find First And Last Position Of Element In Sorted Array",
    "leetcode_url": "https://leetcode.com/problems/Find-First-and-Last-Position-of-Element-in-Sorted-Array/",
    "difficulty": "Medium"
}