{
    "summary": "Find k pairs with smallest sums",
    "question": "Given two sorted integer arrays nums1 and nums2, and an integer k, return the k pairs (u, v) with the smallest sums, where u is from nums1 and v is from nums2.",
    "example": "Input: nums1 = [1,7,11], nums2 = [2,4,6], k = 3; Output: [[1,2],[1,4],[1,6]]\nInput: nums1 = [1,1,2], nums2 = [1,2,3], k = 2; Output: [[1,1],[1,1]]\nInput: nums1 = [1,2], nums2 = [3], k = 3; Output: [[1,3],[2,3]]",
    "constraint": "1 <= nums1.length, nums2.length <= 10^5; -10^9 <= nums1[i], nums2[i] <= 10^9; nums1 and nums2 are sorted in ascending order; 1 <= k <= 1000",
    "followup": "",
    "title": "Find K Pairs With Smallest Sums",
    "leetcode_url": "https://leetcode.com/problems/Find-K-Pairs-with-Smallest-Sums/",
    "difficulty": "Medium"
}