{
    "summary": "Find minimum in rotated array",
    "question": "Given a sorted and rotated array of unique elements, return the minimum element in O(log n) time.",
    "example": "Input: nums = [3,4,5,1,2], Output: 1; Input: nums = [4,5,6,7,0,1,2], Output: 0; Input: nums = [11,13,15,17], Output: 11",
    "constraint": "1 <= n <= 5000; -5000 <= nums[i] <= 5000; All integers are unique; Array is sorted and rotated 1 to n times.",
    "followup": "",
    "title": "Find Minimum In Rotated Sorted Array",
    "leetcode_url": "https://leetcode.com/problems/Find-Minimum-in-Rotated-Sorted-Array/",
    "difficulty": "Medium"
}