{
    "summary": "Find starting gas station index",
    "question": "Given arrays gas and cost, determine if it's possible to complete a circular journey starting at one gas station. If a solution exists, return the index of the starting station; otherwise, return -1.",
    "example": "Input: gas = [1,2,3,4,5], cost = [3,4,5,1,2] Output: 3. Input: gas = [2,3,4], cost = [3,4,3] Output: -1.",
    "constraint": "1 <= n <= 104. 0 <= gas[i], cost[i] <= 104. gas.length == cost.length == n.",
    "followup": "",
    "title": "Gas Station",
    "leetcode_url": "https://leetcode.com/problems/Gas-Station/",
    "difficulty": "Medium"
}