{
    "summary": "Group strings by anagrams",
    "question": "Given an array of strings, group the anagrams together. An anagram is formed by rearranging the letters of a word using all the original letters exactly once. Return the answer in any order.",
    "example": "Input: strs = [\"eat\",\"tea\",\"tan\",\"ate\",\"nat\",\"bat\"] Output: [[\"bat\"],[\"nat\",\"tan\"],[\"ate\",\"eat\",\"tea\"]]. Input: strs = [\"\"] Output: [[\"\"]]. Input: strs = [\"a\"] Output: [[\"a\"]].",
    "constraint": "1 <= strs.length <= 10^4, 0 <= strs[i].length <= 100, strs[i] consists of lowercase English letters.",
    "followup": "",
    "title": "Group Anagrams",
    "leetcode_url": "https://leetcode.com/problems/Group-Anagrams/",
    "difficulty": "Medium"
}