{
    "summary": "Determine if a number is happy",
    "question": "Write an algorithm to check if a number n is a happy number by iterating the sum of the squares of its digits until reaching 1 or entering an endless cycle.",
    "example": "Input: n = 19, Output: true (Explanation: 1^2 + 9^2 = 82 -> 8^2 + 2^2 = 68 -> 6^2 + 8^2 = 100 -> 1^2 + 0^2 + 0^2 = 1); Input: n = 2, Output: false.",
    "constraint": "1 <= n <= 2^31 - 1",
    "followup": "",
    "title": "Happy Number",
    "leetcode_url": "https://leetcode.com/problems/Happy-Number/",
    "difficulty": "Easy"
}