{
    "summary": "Find max money without alert",
    "question": "Given an array of integers representing money in houses, find the maximum money that can be robbed without robbing adjacent houses.",
    "example": "Input: nums = [1,2,3,1]; Output: 4; Explanation: Rob house 1 (money = 1) and then house 3 (money = 3). Total = 4. Input: nums = [2,7,9,3,1]; Output: 12; Explanation: Rob house 1 (money = 2), house 3 (money = 9), and house 5 (money = 1). Total = 12.",
    "constraint": "1 <= nums.length <= 100; 0 <= nums[i] <= 400",
    "followup": "",
    "title": "House Robber",
    "leetcode_url": "https://leetcode.com/problems/House-Robber/",
    "difficulty": "Medium"
}