{
    "summary": "Insert and merge new interval",
    "question": "Given a sorted array of intervals, insert a new interval and merge overlapping intervals while maintaining sorted order.",
    "example": [
        {
            "input": "intervals = [[1,3],[6,9]], newInterval = [2,5]",
            "output": "[[1,5],[6,9]]"
        },
        {
            "input": "intervals = [[1,2],[3,5],[6,7],[8,10],[12,16]], newInterval = [4,8]",
            "output": "[[1,2],[3,10],[12,16]]"
        },
        {
            "input": "intervals = [], newInterval = [5,7]",
            "output": "[[5,7]]"
        },
        {
            "input": "intervals = [[1,5]], newInterval = [2,3]",
            "output": "[[1,5]]"
        },
        {
            "input": "intervals = [[1,5]], newInterval = [2,7]",
            "output": "[[1,7]]"
        }
    ],
    "constraint": [
        "0 <= intervals.length <= 10^4",
        "intervals[i].length == 2",
        "0 <= start_i <= end_i <= 10^5",
        "intervals are sorted by start_i in ascending order.",
        "newInterval.length == 2",
        "0 <= start <= end <= 10^5"
    ],
    "followup": "",
    "title": "Insert Interval",
    "leetcode_url": "https://leetcode.com/problems/Insert-Interval/",
    "difficulty": "Medium"
}