{
    "summary": "Invert a binary tree",
    "question": "Given the root of a binary tree, invert the tree and return its root.",
    "example": "Example 1: Input: root = [4,2,7,1,3,6,9] Output: [4,7,2,9,6,3,1]\nExample 2: Input: root = [2,1,3] Output: [2,3,1]\nExample 3: Input: root = [] Output: []",
    "constraint": "The number of nodes in the tree is in the range [0, 100]. Node.val values are in the range [-100, 100].",
    "followup": "",
    "title": "Invert Binary Tree",
    "leetcode_url": "https://leetcode.com/problems/Invert-Binary-Tree/",
    "difficulty": "Easy"
}