{
    "summary": "Check if two strings are isomorphic",
    "question": "Determine if two strings s and t are isomorphic, where characters in s can be replaced to get t while preserving the order and ensuring no two characters map to the same character.",
    "example": "Input: s = 'egg', t = 'add' Output: true; Input: s = 'foo', t = 'bar' Output: false; Input: s = 'paper', t = 'title' Output: true",
    "constraint": "1 <= s.length <= 5000, t.length == s.length; s and t consist of valid ASCII characters.",
    "followup": "",
    "title": "Isomorphic Strings",
    "leetcode_url": "https://leetcode.com/problems/Isomorphic-Strings/",
    "difficulty": "Easy"
}