{
    "summary": "Find minimum jumps to target",
    "question": "Determine the minimum number of jumps needed to reach the last index of an array, where each element represents the maximum jump length from that position.",
    "example": "Input: nums = [2,3,1,1,4] Output: 2; Input: nums = [2,3,0,1,4] Output: 2",
    "constraint": "1 <= nums.length <= 10^4, 0 <= nums[i] <= 1000",
    "followup": "",
    "title": "Jump Game Ii",
    "leetcode_url": "https://leetcode.com/problems/Jump-Game-II/",
    "difficulty": "Medium"
}