{
    "summary": "Find kth largest element",
    "question": "Given an integer array nums and an integer k, return the kth largest element in the array in sorted order (not the kth distinct element).",
    "example": "Input: nums = [3,2,1,5,6,4], k = 2; Output: 5. Input: nums = [3,2,3,1,2,4,5,5,6], k = 4; Output: 4.",
    "constraint": "1 <= k <= nums.length <= 10^4; -10^4 <= nums[i] <= 10^4.",
    "followup": "",
    "title": "Kth Largest Element In An Array",
    "leetcode_url": "https://leetcode.com/problems/Kth-Largest-Element-in-an-Array/",
    "difficulty": "Medium"
}