{
    "summary": "Generate letter combinations for digits",
    "question": "Given a string of digits from 2-9, return all possible letter combinations based on telephone button mappings.",
    "example": "Example 1: Input: digits = '23', Output: ['ad','ae','af','bd','be','bf','cd','ce','cf']. Example 2: Input: digits = '', Output: []. Example 3: Input: digits = '2', Output: ['a','b','c'].",
    "constraint": "0 <= digits.length <= 4. Each digit must be in the range ['2', '9'].",
    "followup": "",
    "title": "Letter Combinations Of A Phone Number",
    "leetcode_url": "https://leetcode.com/problems/Letter-Combinations-of-a-Phone-Number/",
    "difficulty": "Medium"
}