{
    "summary": "Find LCA of two nodes",
    "question": "Determine the lowest common ancestor of two given nodes in a binary tree, where the ancestor is the lowest node that has both nodes as descendants (possibly including itself).",
    "example": "Input: root = [3,5,1,6,2,0,8,null,null,7,4], p = 5, q = 1; Output: 3. Input: root = [3,5,1,6,2,0,8,null,null,7,4], p = 5, q = 4; Output: 5.",
    "constraint": "The number of nodes in the tree ranges from 2 to 10^5. Node values are unique and in the range [-10^9, 10^9]. Both 'p' and 'q' exist in the tree, and p != q.",
    "followup": "",
    "title": "Lowest Common Ancestor Of A Binary Tree",
    "leetcode_url": "https://leetcode.com/problems/Lowest-Common-Ancestor-of-a-Binary-Tree/",
    "difficulty": "Medium"
}