{
    "summary": "Find majority element in array",
    "question": "Determine the element that appears more than \u230an / 2\u230b times in an array of size n, assuming it always exists.",
    "example": "Input: nums = [3,2,3], Output: 3; Input: nums = [2,2,1,1,1,2,2], Output: 2",
    "constraint": "1 <= n <= 50000; -2^31 <= nums[i] <= 2^31 - 1; n == nums.length",
    "followup": "Could the solution be achieved in linear time and O(1) space?",
    "title": "Majority Element",
    "leetcode_url": "https://leetcode.com/problems/Majority-Element/",
    "difficulty": "Easy"
}