{
    "summary": "Find max points on same line",
    "question": "Given an array of points on the X-Y plane, determine the maximum number of points that lie on the same straight line.",
    "example": "Input: points = [[1,1],[2,2],[3,3]]; Output: 3. Input: points = [[1,1],[3,2],[5,3],[4,1],[2,3],[1,4]]; Output: 4.",
    "constraint": "1 <= points.length <= 300, points[i].length == 2, -10^4 <= xi, yi <= 10^4, all points are unique.",
    "followup": "",
    "title": "Max Points On A Line",
    "leetcode_url": "https://leetcode.com/problems/Max-Points-on-a-Line/",
    "difficulty": "Hard"
}