{
    "summary": "Find largest sum subarray",
    "question": "Given an integer array nums, find the contiguous subarray with the largest sum and return its sum.",
    "example": "Input: nums = [-2,1,-3,4,-1,2,1,-5,4], Output: 6. Explanation: [4,-1,2,1] has the largest sum = 6. Input: nums = [1], Output: 1. Input: nums = [5,4,-1,7,8], Output: 23.",
    "constraint": "1 <= nums.length <= 3 * 10^4, -10^5 <= nums[i] <= 10^5",
    "followup": "If you have figured out the O(n) solution, try coding another solution using the divide and conquer approach.",
    "title": "Maximum Subarray",
    "leetcode_url": "https://leetcode.com/problems/Maximum-Subarray/",
    "difficulty": "Medium"
}