{
    "summary": "Find largest square area in matrix",
    "question": "Given an m x n binary matrix filled with '0's and '1's, find the largest square containing only '1's and return its area.",
    "example": "Example 1: Input: matrix = [[\"1\",\"0\",\"1\",\"0\",\"0\"],[\"1\",\"0\",\"1\",\"1\",\"1\"],[\"1\",\"1\",\"1\",\"1\",\"1\"],[\"1\",\"0\",\"0\",\"1\",\"0\"]] Output: 4\nExample 2: Input: matrix = [[\"0\",\"1\"],[\"1\",\"0\"]] Output: 1\nExample 3: Input: matrix = [[\"0\"]] Output: 0",
    "constraint": "1 <= m, n <= 300. matrix[i][j] is '0' or '1'.",
    "followup": "",
    "title": "Maximal Square",
    "leetcode_url": "https://leetcode.com/problems/Maximal-Square/",
    "difficulty": "Medium"
}