{
    "summary": "Find median of two arrays",
    "question": "Given two sorted arrays nums1 and nums2 of sizes m and n, find the median of the two sorted arrays with an overall runtime complexity of O(log(m+n)).",
    "example": "Example 1:\nInput: nums1 = [1,3], nums2 = [2]\nOutput: 2.00000\nExplanation: merged array = [1,2,3] and median is 2.\n\nExample 2:\nInput: nums1 = [1,2], nums2 = [3,4]\nOutput: 2.50000\nExplanation: merged array = [1,2,3,4] and median is (2 + 3) / 2 = 2.5.\n\nExample 3:\nInput: nums1 = [0,0], nums2 = [0,0]\nOutput: 0.00000\n\nExample 4:\nInput: nums1 = [], nums2 = [1]\nOutput: 1.00000\n\nExample 5:\nInput: nums1 = [2], nums2 = []\nOutput: 2.00000",
    "constraint": "nums1.length == m, nums2.length == n, 0 <= m <= 1000, 0 <= n <= 1000, 1 <= m + n <= 2000, -10^6 <= nums1[i], nums2[i] <= 10^6",
    "followup": "",
    "title": "Median Of Two Sorted Arrays",
    "leetcode_url": "https://leetcode.com/problems/Median-of-Two-Sorted-Arrays/",
    "difficulty": "Hard"
}