{
    "summary": "Merge two sorted linked lists",
    "question": "Merge two sorted linked lists into a single sorted linked list by splicing their nodes.",
    "example": "Example 1: Input: l1 = [1,2,4], l2 = [1,3,4] Output: [1,1,2,3,4,4]; Example 2: Input: l1 = [], l2 = [] Output: []; Example 3: Input: l1 = [], l2 = [0] Output: [0]",
    "constraint": "The number of nodes in both lists is in the range [0, 50]. Values in the lists satisfy -100 <= Node.val <= 100. Both lists are sorted in non-decreasing order.",
    "followup": "",
    "title": "Merge Two Sorted Lists",
    "leetcode_url": "https://leetcode.com/problems/Merge-Two-Sorted-Lists/",
    "difficulty": "Easy"
}