{
    "summary": "Merge two sorted arrays",
    "question": "Merge nums1 and nums2 into a single sorted array directly in nums1, given nums1 has extra space to accommodate the merge.",
    "example": "Input: nums1 = [1,2,3,0,0,0], m = 3, nums2 = [2,5,6], n = 3; Output: [1,2,2,3,5,6].",
    "constraint": "nums1.length == m + n; nums2.length == n; 0 <= m, n <= 200; 1 <= m + n <= 200; -10^9 <= nums1[i], nums2[j] <= 10^9.",
    "followup": "Can you create an O(m + n) time algorithm?",
    "title": "Merge Sorted Array",
    "leetcode_url": "https://leetcode.com/problems/Merge-Sorted-Array/",
    "difficulty": "Easy"
}