{
    "summary": "Merge overlapping intervals",
    "question": "Given an array of intervals, merge all overlapping intervals and return an array of the non-overlapping intervals.",
    "example": "Input: intervals = [[1,3],[2,6],[8,10],[15,18]] Output: [[1,6],[8,10],[15,18]]; Input: intervals = [[1,4],[4,5]] Output: [[1,5]]",
    "constraint": "1 <= intervals.length <= 10^4; intervals[i].length == 2; 0 <= start_i <= end_i <= 10^4",
    "followup": "",
    "title": "Merge Intervals",
    "leetcode_url": "https://leetcode.com/problems/Merge-Intervals/",
    "difficulty": "Medium"
}