{
    "summary": "Find minimal length subarray",
    "question": "Given an array of positive integers 'nums' and a positive integer 'target', return the minimal length of a contiguous subarray whose sum is greater than or equal to 'target'. If there is no such subarray, return 0.",
    "example": "Input: target = 7, nums = [2,3,1,2,4,3]\nOutput: 2\nExplanation: The subarray [4,3] has the minimal length.\n\nInput: target = 4, nums = [1,4,4]\nOutput: 1\n\nInput: target = 11, nums = [1,1,1,1,1,1,1,1]\nOutput: 0",
    "constraint": "1 <= target <= 10^9\n1 <= nums.length <= 10^5\n1 <= nums[i] <= 10^5",
    "followup": "If you solved O(n), attempt O(n log(n)) solution.",
    "title": "Minimum Size Subarray Sum",
    "leetcode_url": "https://leetcode.com/problems/Minimum-Size-Subarray-Sum/",
    "difficulty": "Medium"
}