{
    "summary": "Find minimum difference in BST",
    "question": "Return the minimum absolute difference between the values of any two different nodes in a Binary Search Tree (BST).",
    "example": "Input: root = [4,2,6,1,3]; Output: 1. Input: root = [1,0,48,null,null,12,49]; Output: 1.",
    "constraint": "The number of nodes in the tree is in the range [2, 10^4]. 0 <= Node.val <= 10^5.",
    "followup": "This question is similar to Leetcode 783: https://leetcode.com/problems/minimum-distance-between-bst-nodes/",
    "title": "Minimum Absolute Difference In Bst",
    "leetcode_url": "https://leetcode.com/problems/Minimum-Absolute-Difference-in-BST/",
    "difficulty": "Easy"
}