{
    "summary": "Count '1' bits in integer",
    "question": "Write a function to count the number of '1' bits in the binary representation of an unsigned integer.",
    "example": "Input: n = 00000000000000000000000000001011, Output: 3; Input: n = 00000000000000000000000010000000, Output: 1; Input: n = 11111111111111111111111111111101, Output: 31",
    "constraint": "The input must be a binary string of length 32.",
    "followup": "If repeatedly called, propose optimization.",
    "title": "Number Of 1 Bits",
    "leetcode_url": "https://leetcode.com/problems/Number-of-1-Bits/",
    "difficulty": "Easy"
}