{
    "summary": "Find all array permutations",
    "question": "Given an array of distinct integers, return all possible permutations. The answer can be in any order.",
    "example": "Example 1: Input: nums = [1,2,3] Output: [[1,2,3],[1,3,2],[2,1,3],[2,3,1],[3,1,2],[3,2,1]] Example 2: Input: nums = [0,1] Output: [[0,1],[1,0]] Example 3: Input: nums = [1] Output: [[1]]",
    "constraint": "1 <= nums.length <= 6, -10 <= nums[i] <= 10, all integers in nums are unique.",
    "followup": "",
    "title": "Permutations",
    "leetcode_url": "https://leetcode.com/problems/Permutations/",
    "difficulty": "Medium"
}