{
    "summary": "Remove occurrences of a value",
    "question": "Given an integer array nums and an integer val, modify nums in-place to remove all occurrences of val and return the count of remaining elements. Ensure the first part of nums contains the final result, and use O(1) extra memory.",
    "example": "Example 1: Input: nums = [3,2,2,3], val = 3; Output: k = 2, nums = [2,2,_,_]. Example 2: Input: nums = [0,1,2,2,3,0,4,2], val = 2; Output: k = 5, nums = [0,1,4,0,3,_,_,_].",
    "constraint": "0 <= nums.length <= 100; 0 <= nums[i] <= 50; 0 <= val <= 100",
    "followup": "",
    "title": "Remove Element",
    "leetcode_url": "https://leetcode.com/problems/Remove-Element/",
    "difficulty": "Easy"
}