{
    "summary": "Remove duplicates in-place from array",
    "question": "Given a sorted integer array `nums`, remove duplicates in-place such that each unique element appears only once, and the first `k` slots hold these elements. Return `k` and modify the array using O(1) extra memory.",
    "example": "Input: nums = [1,1,2]\nOutput: k=2, nums=[1,2,_]\n\nInput: nums = [0,0,1,1,1,2,2,3,3,4]\nOutput: k=5, nums=[0,1,2,3,4,_,_,_,_,_]",
    "constraint": "0 <= nums.length <= 3 * 10^4\n-100 <= nums[i] <= 100\nArray `nums` is sorted in non-decreasing order.",
    "followup": "",
    "title": "Remove Duplicates From Sorted Array",
    "leetcode_url": "https://leetcode.com/problems/Remove-Duplicates-from-Sorted-Array/",
    "difficulty": "Easy"
}