{
    "summary": "Remove duplicates in sorted array",
    "question": "Modify the input sorted array in-place to ensure each unique element appears at most twice, while maintaining the relative order, and return the new length of the modified array.",
    "example": "Input: nums = [1,1,1,2,2,3]\nOutput: k = 5, nums = [1,1,2,2,3,_]\n\nInput: nums = [0,0,1,1,1,1,2,3,3]\nOutput: k = 7, nums = [0,0,1,1,2,3,3,_,_]",
    "constraint": "1 <= nums.length <= 30000, -10^4 <= nums[i] <= 10^4, nums is sorted in non-decreasing order, and solution must use O(1) extra memory.",
    "followup": "",
    "title": "Remove Duplicates From Sorted Array Ii",
    "leetcode_url": "https://leetcode.com/problems/Remove-Duplicates-from-Sorted-Array-II/",
    "difficulty": "Medium"
}