{
    "summary": "Remove duplicates from sorted list",
    "question": "Given the head of a sorted linked list, delete all nodes that have duplicate numbers, leaving only distinct numbers. Return the modified sorted linked list.",
    "example": "Input: head = [1,2,3,3,4,4,5]; Output: [1,2,5]. Input: head = [1,1,1,2,3]; Output: [2,3].",
    "constraint": "The number of nodes in the list is in the range [0, 300]. Node values range from -100 to 100. The linked list is guaranteed to be sorted in ascending order.",
    "followup": "",
    "title": "Remove Duplicates From Sorted List Ii",
    "leetcode_url": "https://leetcode.com/problems/Remove-Duplicates-from-Sorted-List-II/",
    "difficulty": "Medium"
}