{
    "summary": "Rotate array to the right",
    "question": "Given an array of integers 'nums' and a non-negative integer 'k', rotate the array to the right by 'k' steps.",
    "example": "Input: nums = [1,2,3,4,5,6,7], k = 3, Output: [5,6,7,1,2,3,4]. Input: nums = [-1,-100,3,99], k = 2, Output: [3,99,-1,-100]",
    "constraint": "1 <= nums.length <= 10^5, -2^31 <= nums[i] <= 2^31 - 1, 0 <= k <= 10^5",
    "followup": "Try to come up with multiple solutions, including an in-place solution using O(1) extra space.",
    "title": "Rotate Array",
    "leetcode_url": "https://leetcode.com/problems/Rotate-Array/",
    "difficulty": "Medium"
}