{
    "summary": "Search value in sorted matrix",
    "question": "Design an efficient algorithm to search for a target in a given m x n matrix where rows are sorted left-to-right and the first integer of each row is greater than the last integer of the previous row.",
    "example": "Input: matrix = [[1,3,5,7],[10,11,16,20],[23,30,34,60]], target = 3; Output: true\nInput: matrix = [[1,3,5,7],[10,11,16,20],[23,30,34,60]], target = 13; Output: false",
    "constraint": "m == matrix.length; n == matrix[i].length; 1 <= m, n <= 100; -10^4 <= matrix[i][j], target <= 10^4",
    "followup": "",
    "title": "Search A 2D Matrix",
    "leetcode_url": "https://leetcode.com/problems/Search-a-2D-Matrix/",
    "difficulty": "Medium"
}