{
    "summary": "Find or insert target index",
    "question": "Given a sorted array of distinct integers and a target value, return the index of the target if found or where it should be inserted while maintaining order. Ensure the algorithm runs in O(log n) time.",
    "example": "Input: nums = [1,3,5,6], target = 5; Output: 2\nInput: nums = [1,3,5,6], target = 2; Output: 1\nInput: nums = [1,3,5,6], target = 7; Output: 4\nInput: nums = [1,3,5,6], target = 0; Output: 0\nInput: nums = [1], target = 0; Output: 0",
    "constraint": "1 <= nums.length <= 10^4; -10^4 <= nums[i], target <= 10^4; nums contains distinct values sorted in ascending order.",
    "followup": "",
    "title": "Search Insert Position",
    "leetcode_url": "https://leetcode.com/problems/Search-Insert-Position/",
    "difficulty": "Easy"
}