{
    "summary": "Set matrix rows/columns to zeros",
    "question": "Modify an m x n matrix in place such that for each element equal to 0, its entire row and column are set to 0.",
    "example": "Input: matrix = [[1,1,1],[1,0,1],[1,1,1]] Output: [[1,0,1],[0,0,0],[1,0,1]]; Input: matrix = [[0,1,2,0],[3,4,5,2],[1,3,1,5]] Output: [[0,0,0,0],[0,4,5,0],[0,3,1,0]]",
    "constraint": "1 <= m, n <= 200; -2^31 <= matrix[i][j] <= 2^31 - 1",
    "followup": "Could you devise a constant space solution?",
    "title": "Set Matrix Zeroes",
    "leetcode_url": "https://leetcode.com/problems/Set-Matrix-Zeroes/",
    "difficulty": "Medium"
}