{
    "summary": "Find minimum moves in board game",
    "question": "Given an n x n Boustrophedon integer matrix representing a board with snakes and ladders, determine the least number of moves required to reach the last square, or return -1 if it is not possible.",
    "example": "Input: board = [[-1,-1,-1,-1,-1,-1],[-1,-1,-1,-1,-1,-1],[-1,-1,-1,-1,-1,-1],[-1,35,-1,-1,13,-1],[-1,-1,-1,-1,-1,-1],[-1,15,-1,-1,-1,-1]]\nOutput: 4\nInput: board = [[-1,-1],[-1,3]]\nOutput: 1",
    "constraint": "n == board.length == board[i].length; 2 <= n <= 20; board[i][j] is -1 or in range [1, n^2]; Squares 1 and n^2 do not have ladders or snakes.",
    "followup": "",
    "title": "Snakes And Ladders",
    "leetcode_url": "https://leetcode.com/problems/Snakes-and-Ladders/",
    "difficulty": "Medium"
}