{
    "summary": "Generate smallest list of ranges",
    "question": "Given a sorted, unique integer array 'nums', return the smallest sorted list of ranges that cover all numbers exactly, formatted as 'a->b' if a != b or 'a' if a == b.",
    "example": "Input: nums = [0, 1, 2, 4, 5, 7]; Output: [\"0->2\", \"4->5\", \"7\"]\nInput: nums = [0, 2, 3, 4, 6, 8, 9]; Output: [\"0\", \"2->4\", \"6\", \"8->9\"]\nInput: nums = []; Output: []\nInput: nums = [-1]; Output: [\"-1\"]\nInput: nums = [0]; Output: [\"0\"]",
    "constraint": "0 <= nums.length <= 20; -2^31 <= nums[i] <= 2^31 - 1; All values in nums are unique and sorted in ascending order.",
    "followup": "",
    "title": "Summary Ranges",
    "leetcode_url": "https://leetcode.com/problems/Summary-Ranges/",
    "difficulty": "Easy"
}