{
    "summary": "Check if tree is symmetric",
    "question": "Determine if a binary tree is symmetric around its center based on its root node.",
    "example": "Input: root = [1,2,2,3,4,4,3], Output: true; Input: root = [1,2,2,null,3,null,3], Output: false",
    "constraint": "The number of nodes in the tree is in the range [1, 1000]. Node values range from -100 to 100.",
    "followup": "Could you solve it both recursively and iteratively?",
    "title": "Symmetric Tree",
    "leetcode_url": "https://leetcode.com/problems/Symmetric-Tree/",
    "difficulty": "Easy"
}