{
    "summary": "Calculate trapped rainwater volume",
    "question": "Given an elevation map as an array, compute the amount of water trapped after raining.",
    "example": "Input: height = [0,1,0,2,1,0,1,3,2,1,2,1]; Output: 6. \nInput: height = [4,2,0,3,2,5]; Output: 9.",
    "constraint": "1 <= n <= 2 * 10^4, 0 <= height[i] <= 10^5, n == height.length.",
    "followup": "",
    "title": "Trapping Rain Water",
    "leetcode_url": "https://leetcode.com/problems/Trapping-Rain-Water/",
    "difficulty": "Hard"
}