{
    "summary": "Find words on a board",
    "question": "Given a board of characters and a list of words, find all words that can be formed by sequentially adjacent cells on the board.",
    "example": "Input: board = [[\"o\",\"a\",\"a\",\"n\"],[\"e\",\"t\",\"a\",\"e\"],[\"i\",\"h\",\"k\",\"r\"],[\"i\",\"f\",\"l\",\"v\"]], words = [\"oath\",\"pea\",\"eat\",\"rain\"] | Output: [\"eat\",\"oath\"]; Input: board = [[\"a\",\"b\"],[\"c\",\"d\"]], words = [\"abcb\"] | Output: []",
    "constraint": "1 <= m, n <= 12; board[i][j] is a lowercase English letter; 1 <= words.length <= 3 * 10^4; 1 <= words[i].length <= 10; All strings in words are unique.",
    "followup": "",
    "title": "Word Search Ii",
    "leetcode_url": "https://leetcode.com/problems/Word-Search-II/",
    "difficulty": "Hard"
}